{"_timestamp":1.7703265303942695e+09,"other/epochs":38.951299029743545,"other/iter":99000,"_step":66,"loss/train":0.7368800938129425,"other/mfu":54.042312420693136,"_wandb":{"runtime":60706},"other/lr":1.0161289084426817e-05,"_runtime":60706,"loss/val":0.7411684840917587}